reg;CRIM;NOX;B;RM;CHAS;LSTAT;DIS;TAX;PTRATIO;ZN;INDUS;RAD;AGE;target
reg_1;0.00632;0.538;396.9;6.575;0.0;4.98;4.09;296.0;15.3;18.0;2.31;1.0;65.2;24.0
reg_2;0.02731;0.469;396.9;6.421;0.0;9.14;4.9671;242.0;17.8;0.0;7.07;2.0;78.9;21.6
reg_3;0.02729;0.469;392.83;7.185;0.0;4.03;4.9671;242.0;17.8;0.0;7.07;2.0;61.1;34.7
reg_4;0.03237;0.458;394.63;6.998;0.0;2.94;6.0622;222.0;18.7;0.0;2.18;3.0;45.8;33.4
reg_5;0.06905;0.458;396.9;7.147;0.0;5.33;6.0622;222.0;18.7;0.0;2.18;3.0;54.2;36.2
reg_6;0.02985;0.458;394.12;6.43;0.0;5.21;6.0622;222.0;18.7;0.0;2.18;3.0;58.7;28.7
reg_7;0.08829;0.524;395.6;6.012;0.0;12.43;5.5605;311.0;15.2;12.5;7.87;5.0;66.6;22.9
reg_8;0.14455;0.524;396.9;6.172;0.0;19.15;5.9505;311.0;15.2;12.5;7.87;5.0;96.1;27.1
reg_9;0.21124;0.524;386.63;5.631;0.0;29.93;6.0821;311.0;15.2;12.5;7.87;5.0;100.0;16.5
reg_10;0.17004;0.524;386.71;6.004;0.0;17.1;6.5921;311.0;15.2;12.5;7.87;5.0;85.9;18.9
reg_11;0.22489;0.524;392.52;6.377;0.0;20.45;6.3467;311.0;15.2;12.5;7.87;5.0;94.3;15.0
reg_12;0.11747;0.524;396.9;6.009;0.0;13.27;6.2267;311.0;15.2;12.5;7.87;5.0;82.9;18.9
reg_13;0.09378;0.524;390.5;5.889;0.0;15.71;5.4509;311.0;15.2;12.5;7.87;5.0;39.0;21.7
reg_14;0.62976;0.538;396.9;5.949;0.0;8.26;4.7075;307.0;21.0;0.0;8.14;4.0;61.8;20.4
reg_15;0.63796;0.538;380.02;6.096;0.0;10.26;4.4619;307.0;21.0;0.0;8.14;4.0;84.5;18.2
reg_16;0.62739;0.538;395.62;5.834;0.0;8.47;4.4986;307.0;21.0;0.0;8.14;4.0;56.5;19.9
reg_17;1.05393;0.538;386.85;5.935;0.0;6.58;4.4986;307.0;21.0;0.0;8.14;4.0;29.3;23.1
reg_18;0.7842;0.538;386.75;5.99;0.0;14.67;4.2579;307.0;21.0;0.0;8.14;4.0;81.7;17.5
reg_19;0.80271;0.538;288.99;5.456;0.0;11.69;3.7965;307.0;21.0;0.0;8.14;4.0;36.6;20.2
reg_20;0.7258;0.538;390.95;5.727;0.0;11.28;3.7965;307.0;21.0;0.0;8.14;4.0;69.5;18.2
reg_21;1.25179;0.538;376.57;5.57;0.0;21.02;3.7979;307.0;21.0;0.0;8.14;4.0;98.1;13.6
reg_22;0.85204;0.538;392.53;5.965;0.0;13.83;4.0123;307.0;21.0;0.0;8.14;4.0;89.2;19.6
reg_23;1.23247;0.538;396.9;6.142;0.0;18.72;3.9769;307.0;21.0;0.0;8.14;4.0;91.7;15.2
reg_24;0.98843;0.538;394.54;5.813;0.0;19.88;4.0952;307.0;21.0;0.0;8.14;4.0;100.0;14.5
reg_25;0.75026;0.538;394.33;5.924;0.0;16.3;4.3996;307.0;21.0;0.0;8.14;4.0;94.1;15.6
reg_26;0.84054;0.538;303.42;5.599;0.0;16.51;4.4546;307.0;21.0;0.0;8.14;4.0;85.7;13.9
reg_27;0.67191;0.538;376.88;5.813;0.0;14.81;4.682;307.0;21.0;0.0;8.14;4.0;90.3;16.6
reg_28;0.95577;0.538;306.38;6.047;0.0;17.28;4.4534;307.0;21.0;0.0;8.14;4.0;88.8;14.8
reg_29;0.77299;0.538;387.94;6.495;0.0;12.8;4.4547;307.0;21.0;0.0;8.14;4.0;94.4;18.4
reg_30;1.00245;0.538;380.23;6.674;0.0;11.98;4.239;307.0;21.0;0.0;8.14;4.0;87.3;21.0
reg_31;1.13081;0.538;360.17;5.713;0.0;22.6;4.233;307.0;21.0;0.0;8.14;4.0;94.1;12.7
reg_32;1.35472;0.538;376.73;6.072;0.0;13.04;4.175;307.0;21.0;0.0;8.14;4.0;100.0;14.5
reg_33;1.38799;0.538;232.6;5.95;0.0;27.71;3.99;307.0;21.0;0.0;8.14;4.0;82.0;13.2
reg_34;1.15172;0.538;358.77;5.701;0.0;18.35;3.7872;307.0;21.0;0.0;8.14;4.0;95.0;13.1
reg_35;1.61282;0.538;248.31;6.096;0.0;20.34;3.7598;307.0;21.0;0.0;8.14;4.0;96.9;13.5
reg_36;0.06417;0.499;396.9;5.933;0.0;9.68;3.3603;279.0;19.2;0.0;5.96;5.0;68.2;18.9
reg_37;0.09744;0.499;377.56;5.841;0.0;11.41;3.3779;279.0;19.2;0.0;5.96;5.0;61.4;20.0
reg_38;0.08014;0.499;396.9;5.85;0.0;8.77;3.9342;279.0;19.2;0.0;5.96;5.0;41.5;21.0
reg_39;0.17505;0.499;393.43;5.966;0.0;10.13;3.8473;279.0;19.2;0.0;5.96;5.0;30.2;24.7
reg_40;0.02763;0.428;395.63;6.595;0.0;4.32;5.4011;252.0;18.3;75.0;2.95;3.0;21.8;30.8
reg_41;0.03359;0.428;395.62;7.024;0.0;1.98;5.4011;252.0;18.3;75.0;2.95;3.0;15.8;34.9
reg_42;0.12744;0.448;385.41;6.77;0.0;4.84;5.7209;233.0;17.9;0.0;6.91;3.0;2.9;26.6
reg_43;0.1415;0.448;383.37;6.169;0.0;5.81;5.7209;233.0;17.9;0.0;6.91;3.0;6.6;25.3
reg_44;0.15936;0.448;394.46;6.211;0.0;7.44;5.7209;233.0;17.9;0.0;6.91;3.0;6.5;24.7
reg_45;0.12269;0.448;389.39;6.069;0.0;9.55;5.7209;233.0;17.9;0.0;6.91;3.0;40.0;21.2
reg_46;0.17142;0.448;396.9;5.682;0.0;10.21;5.1004;233.0;17.9;0.0;6.91;3.0;33.8;19.3
reg_47;0.18836;0.448;396.9;5.786;0.0;14.15;5.1004;233.0;17.9;0.0;6.91;3.0;33.3;20.0
reg_48;0.22927;0.448;392.74;6.03;0.0;18.8;5.6894;233.0;17.9;0.0;6.91;3.0;85.5;16.6
reg_49;0.25387;0.448;396.9;5.399;0.0;30.81;5.87;233.0;17.9;0.0;6.91;3.0;95.3;14.4
reg_50;0.21977;0.448;396.9;5.602;0.0;16.2;6.0877;233.0;17.9;0.0;6.91;3.0;62.0;19.4
reg_51;0.08873;0.439;395.56;5.963;0.0;13.45;6.8147;243.0;16.8;21.0;5.64;4.0;45.7;19.7
reg_52;0.04337;0.439;393.97;6.115;0.0;9.43;6.8147;243.0;16.8;21.0;5.64;4.0;63.0;20.5
reg_53;0.0536;0.439;396.9;6.511;0.0;5.28;6.8147;243.0;16.8;21.0;5.64;4.0;21.1;25.0
reg_54;0.04981;0.439;396.9;5.998;0.0;8.43;6.8147;243.0;16.8;21.0;5.64;4.0;21.4;23.4
reg_55;0.0136;0.41;396.9;5.888;0.0;14.8;7.3197;469.0;21.1;75.0;4.0;3.0;47.6;18.9
reg_56;0.01311;0.403;395.93;7.249;0.0;4.81;8.6966;226.0;17.9;90.0;1.22;5.0;21.9;35.4
reg_57;0.02055;0.41;396.9;6.383;0.0;5.77;9.1876;313.0;17.3;85.0;0.74;2.0;35.7;24.7
reg_58;0.01432;0.411;392.9;6.816;0.0;3.95;8.3248;256.0;15.1;100.0;1.32;5.0;40.5;31.6
reg_59;0.15445;0.453;390.68;6.145;0.0;6.86;7.8148;284.0;19.7;25.0;5.13;8.0;29.2;23.3
reg_60;0.10328;0.453;396.9;5.927;0.0;9.22;6.932;284.0;19.7;25.0;5.13;8.0;47.2;19.6
reg_61;0.14932;0.453;395.11;5.741;0.0;13.15;7.2254;284.0;19.7;25.0;5.13;8.0;66.2;18.7
reg_62;0.17171;0.453;378.08;5.966;0.0;14.44;6.8185;284.0;19.7;25.0;5.13;8.0;93.4;16.0
reg_63;0.11027;0.453;396.9;6.456;0.0;6.73;7.2255;284.0;19.7;25.0;5.13;8.0;67.8;22.2
reg_64;0.1265;0.453;395.58;6.762;0.0;9.5;7.9809;284.0;19.7;25.0;5.13;8.0;43.4;25.0
reg_65;0.01951;0.4161;393.24;7.104;0.0;8.05;9.2229;216.0;18.6;17.5;1.38;3.0;59.5;33.0
reg_66;0.03584;0.398;396.9;6.29;0.0;4.67;6.6115;337.0;16.1;80.0;3.37;4.0;17.8;23.5
reg_67;0.04379;0.398;396.9;5.787;0.0;10.24;6.6115;337.0;16.1;80.0;3.37;4.0;31.1;19.4
reg_68;0.05789;0.409;396.21;5.878;0.0;8.1;6.498;345.0;18.9;12.5;6.07;4.0;21.4;22.0
reg_69;0.13554;0.409;396.9;5.594;0.0;13.09;6.498;345.0;18.9;12.5;6.07;4.0;36.8;17.4
reg_70;0.12816;0.409;396.9;5.885;0.0;8.79;6.498;345.0;18.9;12.5;6.07;4.0;33.0;20.9
reg_71;0.08826;0.413;383.73;6.417;0.0;6.72;5.2873;305.0;19.2;0.0;10.81;4.0;6.6;24.2
reg_72;0.15876;0.413;376.94;5.961;0.0;9.88;5.2873;305.0;19.2;0.0;10.81;4.0;17.5;21.7
reg_73;0.09164;0.413;390.91;6.065;0.0;5.52;5.2873;305.0;19.2;0.0;10.81;4.0;7.8;22.8
reg_74;0.19539;0.413;377.17;6.245;0.0;7.54;5.2873;305.0;19.2;0.0;10.81;4.0;6.2;23.4
reg_75;0.07896;0.437;394.92;6.273;0.0;6.78;4.2515;398.0;18.7;0.0;12.83;5.0;6.0;24.1
reg_76;0.09512;0.437;383.23;6.286;0.0;8.94;4.5026;398.0;18.7;0.0;12.83;5.0;45.0;21.4
reg_77;0.10153;0.437;373.66;6.279;0.0;11.97;4.0522;398.0;18.7;0.0;12.83;5.0;74.5;20.0
reg_78;0.08707;0.437;386.96;6.14;0.0;10.27;4.0905;398.0;18.7;0.0;12.83;5.0;45.8;20.8
reg_79;0.05646;0.437;386.4;6.232;0.0;12.34;5.0141;398.0;18.7;0.0;12.83;5.0;53.7;21.2
reg_80;0.08387;0.437;396.06;5.874;0.0;9.1;4.5026;398.0;18.7;0.0;12.83;5.0;36.6;20.3
reg_81;0.04113;0.426;396.9;6.727;0.0;5.29;5.4007;281.0;19.0;25.0;4.86;4.0;33.5;28.0
reg_82;0.04462;0.426;395.63;6.619;0.0;7.22;5.4007;281.0;19.0;25.0;4.86;4.0;70.4;23.9
reg_83;0.03659;0.426;396.9;6.302;0.0;6.72;5.4007;281.0;19.0;25.0;4.86;4.0;32.2;24.8
reg_84;0.03551;0.426;390.64;6.167;0.0;7.51;5.4007;281.0;19.0;25.0;4.86;4.0;46.7;22.9
reg_85;0.05059;0.449;396.9;6.389;0.0;9.62;4.7794;247.0;18.5;0.0;4.49;3.0;48.0;23.9
reg_86;0.05735;0.449;392.3;6.63;0.0;6.53;4.4377;247.0;18.5;0.0;4.49;3.0;56.1;26.6
reg_87;0.05188;0.449;395.99;6.015;0.0;12.86;4.4272;247.0;18.5;0.0;4.49;3.0;45.1;22.5
reg_88;0.07151;0.449;395.15;6.121;0.0;8.44;3.7476;247.0;18.5;0.0;4.49;3.0;56.8;22.2
reg_89;0.0566;0.489;396.9;7.007;0.0;5.5;3.4217;270.0;17.8;0.0;3.41;2.0;86.3;23.6
reg_90;0.05302;0.489;396.06;7.079;0.0;5.7;3.4145;270.0;17.8;0.0;3.41;2.0;63.1;28.7
reg_91;0.04684;0.489;392.18;6.417;0.0;8.81;3.0923;270.0;17.8;0.0;3.41;2.0;66.1;22.6
reg_92;0.03932;0.489;393.55;6.405;0.0;8.2;3.0921;270.0;17.8;0.0;3.41;2.0;73.9;22.0
reg_93;0.04203;0.464;395.01;6.442;0.0;8.16;3.6659;270.0;18.2;28.0;15.04;4.0;53.6;22.9
reg_94;0.02875;0.464;396.33;6.211;0.0;6.21;3.6659;270.0;18.2;28.0;15.04;4.0;28.9;25.0
reg_95;0.04294;0.464;396.9;6.249;0.0;10.59;3.615;270.0;18.2;28.0;15.04;4.0;77.3;20.6
reg_96;0.12204;0.445;357.98;6.625;0.0;6.65;3.4952;276.0;18.0;0.0;2.89;2.0;57.8;28.4
reg_97;0.11504;0.445;391.83;6.163;0.0;11.34;3.4952;276.0;18.0;0.0;2.89;2.0;69.6;21.4
reg_98;0.12083;0.445;396.9;8.069;0.0;4.21;3.4952;276.0;18.0;0.0;2.89;2.0;76.0;38.7
reg_99;0.08187;0.445;393.53;7.82;0.0;3.57;3.4952;276.0;18.0;0.0;2.89;2.0;36.9;43.8
reg_100;0.0686;0.445;396.9;7.416;0.0;6.19;3.4952;276.0;18.0;0.0;2.89;2.0;62.5;33.2
reg_101;0.14866;0.52;394.76;6.727;0.0;9.42;2.7778;384.0;20.9;0.0;8.56;5.0;79.9;27.5
reg_102;0.11432;0.52;395.58;6.781;0.0;7.67;2.8561;384.0;20.9;0.0;8.56;5.0;71.3;26.5
reg_103;0.22876;0.52;70.8;6.405;0.0;10.63;2.7147;384.0;20.9;0.0;8.56;5.0;85.4;18.6
reg_104;0.21161;0.52;394.47;6.137;0.0;13.44;2.7147;384.0;20.9;0.0;8.56;5.0;87.4;19.3
reg_105;0.1396;0.52;392.69;6.167;0.0;12.33;2.421;384.0;20.9;0.0;8.56;5.0;90.0;20.1
reg_106;0.13262;0.52;394.05;5.851;0.0;16.47;2.1069;384.0;20.9;0.0;8.56;5.0;96.7;19.5
reg_107;0.1712;0.52;395.67;5.836;0.0;18.66;2.211;384.0;20.9;0.0;8.56;5.0;91.9;19.5
reg_108;0.13117;0.52;387.69;6.127;0.0;14.09;2.1224;384.0;20.9;0.0;8.56;5.0;85.2;20.4
reg_109;0.12802;0.52;395.24;6.474;0.0;12.27;2.4329;384.0;20.9;0.0;8.56;5.0;97.1;19.8
reg_110;0.26363;0.52;391.23;6.229;0.0;15.55;2.5451;384.0;20.9;0.0;8.56;5.0;91.2;19.4
reg_111;0.10793;0.52;393.49;6.195;0.0;13.0;2.7778;384.0;20.9;0.0;8.56;5.0;54.4;21.7
reg_112;0.10084;0.547;395.59;6.715;0.0;10.16;2.6775;432.0;17.8;0.0;10.01;6.0;81.6;22.8
reg_113;0.12329;0.547;394.95;5.913;0.0;16.21;2.3534;432.0;17.8;0.0;10.01;6.0;92.9;18.8
reg_114;0.22212;0.547;396.9;6.092;0.0;17.09;2.548;432.0;17.8;0.0;10.01;6.0;95.4;18.7
reg_115;0.14231;0.547;388.74;6.254;0.0;10.45;2.2565;432.0;17.8;0.0;10.01;6.0;84.2;18.5
reg_116;0.17134;0.547;344.91;5.928;0.0;15.76;2.4631;432.0;17.8;0.0;10.01;6.0;88.2;18.3
reg_117;0.13158;0.547;393.3;6.176;0.0;12.04;2.7301;432.0;17.8;0.0;10.01;6.0;72.5;21.2
reg_118;0.15098;0.547;394.51;6.021;0.0;10.3;2.7474;432.0;17.8;0.0;10.01;6.0;82.6;19.2
reg_119;0.13058;0.547;338.63;5.872;0.0;15.37;2.4775;432.0;17.8;0.0;10.01;6.0;73.1;20.4
reg_120;0.14476;0.547;391.5;5.731;0.0;13.61;2.7592;432.0;17.8;0.0;10.01;6.0;65.2;19.3
reg_121;0.06899;0.581;389.15;5.87;0.0;14.37;2.2577;188.0;19.1;0.0;25.65;2.0;69.7;22.0
reg_122;0.07165;0.581;377.67;6.004;0.0;14.27;2.1974;188.0;19.1;0.0;25.65;2.0;84.1;20.3
reg_123;0.09299;0.581;378.09;5.961;0.0;17.93;2.0869;188.0;19.1;0.0;25.65;2.0;92.9;20.5
reg_124;0.15038;0.581;370.31;5.856;0.0;25.41;1.9444;188.0;19.1;0.0;25.65;2.0;97.0;17.3
reg_125;0.09849;0.581;379.38;5.879;0.0;17.58;2.0063;188.0;19.1;0.0;25.65;2.0;95.8;18.8
reg_126;0.16902;0.581;385.02;5.986;0.0;14.81;1.9929;188.0;19.1;0.0;25.65;2.0;88.4;21.4
reg_127;0.38735;0.581;359.29;5.613;0.0;27.26;1.7572;188.0;19.1;0.0;25.65;2.0;95.6;15.7
reg_128;0.25915;0.624;392.11;5.693;0.0;17.19;1.7883;437.0;21.2;0.0;21.89;4.0;96.0;16.2
reg_129;0.32543;0.624;396.9;6.431;0.0;15.39;1.8125;437.0;21.2;0.0;21.89;4.0;98.8;18.0
reg_130;0.88125;0.624;396.9;5.637;0.0;18.34;1.9799;437.0;21.2;0.0;21.89;4.0;94.7;14.3
reg_131;0.34006;0.624;395.04;6.458;0.0;12.6;2.1185;437.0;21.2;0.0;21.89;4.0;98.9;19.2
reg_132;1.19294;0.624;396.9;6.326;0.0;12.26;2.271;437.0;21.2;0.0;21.89;4.0;97.7;19.6
reg_133;0.59005;0.624;385.76;6.372;0.0;11.12;2.3274;437.0;21.2;0.0;21.89;4.0;97.9;23.0
reg_134;0.32982;0.624;388.69;5.822;0.0;15.03;2.4699;437.0;21.2;0.0;21.89;4.0;95.4;18.4
reg_135;0.97617;0.624;262.76;5.757;0.0;17.31;2.346;437.0;21.2;0.0;21.89;4.0;98.4;15.6
reg_136;0.55778;0.624;394.67;6.335;0.0;16.96;2.1107;437.0;21.2;0.0;21.89;4.0;98.2;18.1
reg_137;0.32264;0.624;378.25;5.942;0.0;16.9;1.9669;437.0;21.2;0.0;21.89;4.0;93.5;17.4
reg_138;0.35233;0.624;394.08;6.454;0.0;14.59;1.8498;437.0;21.2;0.0;21.89;4.0;98.4;17.1
reg_139;0.2498;0.624;392.04;5.857;0.0;21.32;1.6686;437.0;21.2;0.0;21.89;4.0;98.2;13.3
reg_140;0.54452;0.624;396.9;6.151;0.0;18.46;1.6687;437.0;21.2;0.0;21.89;4.0;97.9;17.8
reg_141;0.2909;0.624;388.08;6.174;0.0;24.16;1.6119;437.0;21.2;0.0;21.89;4.0;93.6;14.0
reg_142;1.62864;0.624;396.9;5.019;0.0;34.41;1.4394;437.0;21.2;0.0;21.89;4.0;100.0;14.4
reg_143;3.32105;0.871;396.9;5.403;1.0;26.82;1.3216;403.0;14.7;0.0;19.58;5.0;100.0;13.4
reg_144;4.0974;0.871;396.9;5.468;0.0;26.42;1.4118;403.0;14.7;0.0;19.58;5.0;100.0;15.6
reg_145;2.77974;0.871;396.9;4.903;0.0;29.29;1.3459;403.0;14.7;0.0;19.58;5.0;97.8;11.8
reg_146;2.37934;0.871;172.91;6.13;0.0;27.8;1.4191;403.0;14.7;0.0;19.58;5.0;100.0;13.8
reg_147;2.15505;0.871;169.27;5.628;0.0;16.65;1.5166;403.0;14.7;0.0;19.58;5.0;100.0;15.6
reg_148;2.36862;0.871;391.71;4.926;0.0;29.53;1.4608;403.0;14.7;0.0;19.58;5.0;95.7;14.6
reg_149;2.33099;0.871;356.99;5.186;0.0;28.32;1.5296;403.0;14.7;0.0;19.58;5.0;93.8;17.8
reg_150;2.73397;0.871;351.85;5.597;0.0;21.45;1.5257;403.0;14.7;0.0;19.58;5.0;94.9;15.4
reg_151;1.6566;0.871;372.8;6.122;0.0;14.1;1.618;403.0;14.7;0.0;19.58;5.0;97.3;21.5
reg_152;1.49632;0.871;341.6;5.404;0.0;13.28;1.5916;403.0;14.7;0.0;19.58;5.0;100.0;19.6
reg_153;1.12658;0.871;343.28;5.012;1.0;12.12;1.6102;403.0;14.7;0.0;19.58;5.0;88.0;15.3
reg_154;2.14918;0.871;261.95;5.709;0.0;15.79;1.6232;403.0;14.7;0.0;19.58;5.0;98.5;19.4
reg_155;1.41385;0.871;321.02;6.129;1.0;15.12;1.7494;403.0;14.7;0.0;19.58;5.0;96.0;17.0
reg_156;3.53501;0.871;88.01;6.152;1.0;15.02;1.7455;403.0;14.7;0.0;19.58;5.0;82.6;15.6
reg_157;2.44668;0.871;88.63;5.272;0.0;16.14;1.7364;403.0;14.7;0.0;19.58;5.0;94.0;13.1
reg_158;1.22358;0.605;363.43;6.943;0.0;4.59;1.8773;403.0;14.7;0.0;19.58;5.0;97.4;41.3
reg_159;1.34284;0.605;353.89;6.066;0.0;6.43;1.7573;403.0;14.7;0.0;19.58;5.0;100.0;24.3
reg_160;1.42502;0.871;364.31;6.51;0.0;7.39;1.7659;403.0;14.7;0.0;19.58;5.0;100.0;23.3
reg_161;1.27346;0.605;338.92;6.25;1.0;5.5;1.7984;403.0;14.7;0.0;19.58;5.0;92.6;27.0
reg_162;1.46336;0.605;374.43;7.489;0.0;1.73;1.9709;403.0;14.7;0.0;19.58;5.0;90.8;50.0
reg_163;1.83377;0.605;389.61;7.802;1.0;1.92;2.0407;403.0;14.7;0.0;19.58;5.0;98.2;50.0
reg_164;1.51902;0.605;388.45;8.375;1.0;3.32;2.162;403.0;14.7;0.0;19.58;5.0;93.9;50.0
reg_165;2.24236;0.605;395.11;5.854;0.0;11.64;2.422;403.0;14.7;0.0;19.58;5.0;91.8;22.7
reg_166;2.924;0.605;240.16;6.101;0.0;9.81;2.2834;403.0;14.7;0.0;19.58;5.0;93.0;25.0
reg_167;2.01019;0.605;369.3;7.929;0.0;3.7;2.0459;403.0;14.7;0.0;19.58;5.0;96.2;50.0
reg_168;1.80028;0.605;227.61;5.877;0.0;12.14;2.4259;403.0;14.7;0.0;19.58;5.0;79.2;23.8
reg_169;2.3004;0.605;297.09;6.319;0.0;11.1;2.1;403.0;14.7;0.0;19.58;5.0;96.1;23.8
reg_170;2.44953;0.605;330.04;6.402;0.0;11.32;2.2625;403.0;14.7;0.0;19.58;5.0;95.2;22.3
reg_171;1.20742;0.605;292.29;5.875;0.0;14.43;2.4259;403.0;14.7;0.0;19.58;5.0;94.6;17.4
reg_172;2.3139;0.605;348.13;5.88;0.0;12.03;2.3887;403.0;14.7;0.0;19.58;5.0;97.3;19.1
reg_173;0.13914;0.51;396.9;5.572;0.0;14.69;2.5961;296.0;16.6;0.0;4.05;5.0;88.5;23.1
reg_174;0.09178;0.51;395.5;6.416;0.0;9.04;2.6463;296.0;16.6;0.0;4.05;5.0;84.1;23.6
reg_175;0.08447;0.51;393.23;5.859;0.0;9.64;2.7019;296.0;16.6;0.0;4.05;5.0;68.7;22.6
reg_176;0.06664;0.51;390.96;6.546;0.0;5.33;3.1323;296.0;16.6;0.0;4.05;5.0;33.1;29.4
reg_177;0.07022;0.51;393.23;6.02;0.0;10.11;3.5549;296.0;16.6;0.0;4.05;5.0;47.2;23.2
reg_178;0.05425;0.51;395.6;6.315;0.0;6.29;3.3175;296.0;16.6;0.0;4.05;5.0;73.4;24.6
reg_179;0.06642;0.51;391.27;6.86;0.0;6.92;2.9153;296.0;16.6;0.0;4.05;5.0;74.4;29.9
reg_180;0.0578;0.488;396.9;6.98;0.0;5.04;2.829;193.0;17.8;0.0;2.46;3.0;58.4;37.2
reg_181;0.06588;0.488;395.56;7.765;0.0;7.56;2.741;193.0;17.8;0.0;2.46;3.0;83.3;39.8
reg_182;0.06888;0.488;396.9;6.144;0.0;9.45;2.5979;193.0;17.8;0.0;2.46;3.0;62.2;36.2
reg_183;0.09103;0.488;394.12;7.155;0.0;4.82;2.7006;193.0;17.8;0.0;2.46;3.0;92.2;37.9
reg_184;0.10008;0.488;396.9;6.563;0.0;5.68;2.847;193.0;17.8;0.0;2.46;3.0;95.6;32.5
reg_185;0.08308;0.488;391.0;5.604;0.0;13.98;2.9879;193.0;17.8;0.0;2.46;3.0;89.8;26.4
reg_186;0.06047;0.488;387.11;6.153;0.0;13.15;3.2797;193.0;17.8;0.0;2.46;3.0;68.8;29.6
reg_187;0.05602;0.488;392.63;7.831;0.0;4.45;3.1992;193.0;17.8;0.0;2.46;3.0;53.6;50.0
reg_188;0.07875;0.437;393.87;6.782;0.0;6.68;3.7886;398.0;15.2;45.0;3.44;5.0;41.1;32.0
reg_189;0.12579;0.437;382.84;6.556;0.0;4.56;4.5667;398.0;15.2;45.0;3.44;5.0;29.1;29.8
reg_190;0.0837;0.437;396.9;7.185;0.0;5.39;4.5667;398.0;15.2;45.0;3.44;5.0;38.9;34.9
reg_191;0.09068;0.437;377.68;6.951;0.0;5.1;6.4798;398.0;15.2;45.0;3.44;5.0;21.5;37.0
reg_192;0.06911;0.437;389.71;6.739;0.0;4.69;6.4798;398.0;15.2;45.0;3.44;5.0;30.8;30.5
reg_193;0.08664;0.437;390.49;7.178;0.0;2.87;6.4798;398.0;15.2;45.0;3.44;5.0;26.3;36.4
reg_194;0.02187;0.401;393.37;6.8;0.0;5.03;6.2196;265.0;15.6;60.0;2.93;1.0;9.9;31.1
reg_195;0.01439;0.401;376.7;6.604;0.0;4.38;6.2196;265.0;15.6;60.0;2.93;1.0;18.8;29.1
reg_196;0.01381;0.422;394.23;7.875;0.0;2.97;5.6484;255.0;14.4;80.0;0.46;4.0;32.0;50.0
reg_197;0.04011;0.404;396.9;7.287;0.0;4.08;7.309;329.0;12.6;80.0;1.52;2.0;34.1;33.3
reg_198;0.04666;0.404;354.31;7.107;0.0;8.61;7.309;329.0;12.6;80.0;1.52;2.0;36.6;30.3
reg_199;0.03768;0.404;392.2;7.274;0.0;6.62;7.309;329.0;12.6;80.0;1.52;2.0;38.3;34.6
reg_200;0.0315;0.403;396.9;6.975;0.0;4.56;7.6534;402.0;17.0;95.0;1.47;3.0;15.3;34.9
reg_201;0.01778;0.403;384.3;7.135;0.0;4.45;7.6534;402.0;17.0;95.0;1.47;3.0;13.9;32.9
reg_202;0.03445;0.415;393.77;6.162;0.0;7.43;6.27;348.0;14.7;82.5;2.03;2.0;38.4;24.1
reg_203;0.02177;0.415;395.38;7.61;0.0;3.11;6.27;348.0;14.7;82.5;2.03;2.0;15.7;42.3
reg_204;0.0351;0.4161;392.78;7.853;0.0;3.81;5.118;224.0;14.7;95.0;2.68;4.0;33.2;48.5
reg_205;0.02009;0.4161;390.55;8.034;0.0;2.88;5.118;224.0;14.7;95.0;2.68;4.0;31.9;50.0
reg_206;0.13642;0.489;396.9;5.891;0.0;10.87;3.9454;277.0;18.6;0.0;10.59;4.0;22.3;22.6
reg_207;0.22969;0.489;394.87;6.326;0.0;10.97;4.3549;277.0;18.6;0.0;10.59;4.0;52.5;24.4
reg_208;0.25199;0.489;389.43;5.783;0.0;18.06;4.3549;277.0;18.6;0.0;10.59;4.0;72.7;22.5
reg_209;0.13587;0.489;381.32;6.064;1.0;14.66;4.2392;277.0;18.6;0.0;10.59;4.0;59.1;24.4
reg_210;0.43571;0.489;396.9;5.344;1.0;23.09;3.875;277.0;18.6;0.0;10.59;4.0;100.0;20.0
reg_211;0.17446;0.489;393.25;5.96;1.0;17.27;3.8771;277.0;18.6;0.0;10.59;4.0;92.1;21.7
reg_212;0.37578;0.489;395.24;5.404;1.0;23.98;3.665;277.0;18.6;0.0;10.59;4.0;88.6;19.3
reg_213;0.21719;0.489;390.94;5.807;1.0;16.03;3.6526;277.0;18.6;0.0;10.59;4.0;53.8;22.4
reg_214;0.14052;0.489;385.81;6.375;0.0;9.38;3.9454;277.0;18.6;0.0;10.59;4.0;32.3;28.1
reg_215;0.28955;0.489;348.93;5.412;0.0;29.55;3.5875;277.0;18.6;0.0;10.59;4.0;9.8;23.7
reg_216;0.19802;0.489;393.63;6.182;0.0;9.47;3.9454;277.0;18.6;0.0;10.59;4.0;42.4;25.0
reg_217;0.0456;0.55;392.8;5.888;1.0;13.51;3.1121;276.0;16.4;0.0;13.89;5.0;56.0;23.3
reg_218;0.07013;0.55;392.78;6.642;0.0;9.69;3.4211;276.0;16.4;0.0;13.89;5.0;85.1;28.7
reg_219;0.11069;0.55;396.9;5.951;1.0;17.92;2.8893;276.0;16.4;0.0;13.89;5.0;93.8;21.5
reg_220;0.11425;0.55;393.74;6.373;1.0;10.5;3.3633;276.0;16.4;0.0;13.89;5.0;92.4;23.0
reg_221;0.35809;0.507;391.7;6.951;1.0;9.71;2.8617;307.0;17.4;0.0;6.2;8.0;88.5;26.7
reg_222;0.40771;0.507;395.24;6.164;1.0;21.46;3.048;307.0;17.4;0.0;6.2;8.0;91.3;21.7
reg_223;0.62356;0.507;390.39;6.879;1.0;9.93;3.2721;307.0;17.4;0.0;6.2;8.0;77.7;27.5
reg_224;0.6147;0.507;396.9;6.618;0.0;7.6;3.2721;307.0;17.4;0.0;6.2;8.0;80.8;30.1
reg_225;0.31533;0.504;385.05;8.266;0.0;4.14;2.8944;307.0;17.4;0.0;6.2;8.0;78.3;44.8
reg_226;0.52693;0.504;382.0;8.725;0.0;4.63;2.8944;307.0;17.4;0.0;6.2;8.0;83.0;50.0
reg_227;0.38214;0.504;387.38;8.04;0.0;3.13;3.2157;307.0;17.4;0.0;6.2;8.0;86.5;37.6
reg_228;0.41238;0.504;372.08;7.163;0.0;6.36;3.2157;307.0;17.4;0.0;6.2;8.0;79.9;31.6
reg_229;0.29819;0.504;377.51;7.686;0.0;3.92;3.3751;307.0;17.4;0.0;6.2;8.0;17.0;46.7
reg_230;0.44178;0.504;380.34;6.552;0.0;3.76;3.3751;307.0;17.4;0.0;6.2;8.0;21.4;31.5
reg_231;0.537;0.504;378.35;5.981;0.0;11.65;3.6715;307.0;17.4;0.0;6.2;8.0;68.1;24.3
reg_232;0.46296;0.504;376.14;7.412;0.0;5.25;3.6715;307.0;17.4;0.0;6.2;8.0;76.9;31.7
reg_233;0.57529;0.507;385.91;8.337;0.0;2.47;3.8384;307.0;17.4;0.0;6.2;8.0;73.3;41.7
reg_234;0.33147;0.507;378.95;8.247;0.0;3.95;3.6519;307.0;17.4;0.0;6.2;8.0;70.4;48.3
reg_235;0.44791;0.507;360.2;6.726;1.0;8.05;3.6519;307.0;17.4;0.0;6.2;8.0;66.5;29.0
reg_236;0.33045;0.507;376.75;6.086;0.0;10.88;3.6519;307.0;17.4;0.0;6.2;8.0;61.5;24.0
reg_237;0.52058;0.507;388.45;6.631;1.0;9.54;4.148;307.0;17.4;0.0;6.2;8.0;76.5;25.1
reg_238;0.51183;0.507;390.07;7.358;0.0;4.73;4.148;307.0;17.4;0.0;6.2;8.0;71.6;31.5
reg_239;0.08244;0.428;379.41;6.481;0.0;6.36;6.1899;300.0;16.6;30.0;4.93;6.0;18.5;23.7
reg_240;0.09252;0.428;383.78;6.606;0.0;7.37;6.1899;300.0;16.6;30.0;4.93;6.0;42.2;23.3
reg_241;0.11329;0.428;391.25;6.897;0.0;11.38;6.3361;300.0;16.6;30.0;4.93;6.0;54.3;22.0
reg_242;0.10612;0.428;394.62;6.095;0.0;12.4;6.3361;300.0;16.6;30.0;4.93;6.0;65.1;20.1
reg_243;0.1029;0.428;372.75;6.358;0.0;11.22;7.0355;300.0;16.6;30.0;4.93;6.0;52.9;22.2
reg_244;0.12757;0.428;374.71;6.393;0.0;5.19;7.0355;300.0;16.6;30.0;4.93;6.0;7.8;23.7
reg_245;0.20608;0.431;372.49;5.593;0.0;12.5;7.9549;330.0;19.1;22.0;5.86;7.0;76.5;17.6
reg_246;0.19133;0.431;389.13;5.605;0.0;18.46;7.9549;330.0;19.1;22.0;5.86;7.0;70.2;18.5
reg_247;0.33983;0.431;390.18;6.108;0.0;9.16;8.0555;330.0;19.1;22.0;5.86;7.0;34.9;24.3
reg_248;0.19657;0.431;376.14;6.226;0.0;10.15;8.0555;330.0;19.1;22.0;5.86;7.0;79.2;20.5
reg_249;0.16439;0.431;374.71;6.433;0.0;9.52;7.8265;330.0;19.1;22.0;5.86;7.0;49.1;24.5
reg_250;0.19073;0.431;393.74;6.718;0.0;6.56;7.8265;330.0;19.1;22.0;5.86;7.0;17.5;26.2
reg_251;0.1403;0.431;396.28;6.487;0.0;5.9;7.3967;330.0;19.1;22.0;5.86;7.0;13.0;24.4
reg_252;0.21409;0.431;377.07;6.438;0.0;3.59;7.3967;330.0;19.1;22.0;5.86;7.0;8.9;24.8
reg_253;0.08221;0.431;386.09;6.957;0.0;3.53;8.9067;330.0;19.1;22.0;5.86;7.0;6.8;29.6
reg_254;0.36894;0.431;396.9;8.259;0.0;3.54;8.9067;330.0;19.1;22.0;5.86;7.0;8.4;42.8
reg_255;0.04819;0.392;392.89;6.108;0.0;6.57;9.2203;315.0;16.4;80.0;3.64;1.0;32.0;21.9
reg_256;0.03548;0.392;395.18;5.876;0.0;9.25;9.2203;315.0;16.4;80.0;3.64;1.0;19.1;20.9
reg_257;0.01538;0.394;386.34;7.454;0.0;3.11;6.3361;244.0;15.9;90.0;3.75;3.0;34.2;44.0
reg_258;0.61154;0.647;389.7;8.704;0.0;5.12;1.801;264.0;13.0;20.0;3.97;5.0;86.9;50.0
reg_259;0.66351;0.647;383.29;7.333;0.0;7.79;1.8946;264.0;13.0;20.0;3.97;5.0;100.0;36.0
reg_260;0.65665;0.647;391.93;6.842;0.0;6.9;2.0107;264.0;13.0;20.0;3.97;5.0;100.0;30.1
reg_261;0.54011;0.647;392.8;7.203;0.0;9.59;2.1121;264.0;13.0;20.0;3.97;5.0;81.8;33.8
reg_262;0.53412;0.647;388.37;7.52;0.0;7.26;2.1398;264.0;13.0;20.0;3.97;5.0;89.4;43.1
reg_263;0.52014;0.647;386.86;8.398;0.0;5.91;2.2885;264.0;13.0;20.0;3.97;5.0;91.5;48.8
reg_264;0.82526;0.647;393.42;7.327;0.0;11.25;2.0788;264.0;13.0;20.0;3.97;5.0;94.5;31.0
reg_265;0.55007;0.647;387.89;7.206;0.0;8.1;1.9301;264.0;13.0;20.0;3.97;5.0;91.6;36.5
reg_266;0.76162;0.647;392.4;5.56;0.0;10.45;1.9865;264.0;13.0;20.0;3.97;5.0;62.8;22.8
reg_267;0.7857;0.647;384.07;7.014;0.0;14.79;2.1329;264.0;13.0;20.0;3.97;5.0;84.6;30.7
reg_268;0.57834;0.575;384.54;8.297;0.0;7.44;2.4216;264.0;13.0;20.0;3.97;5.0;67.0;50.0
reg_269;0.5405;0.575;390.3;7.47;0.0;3.16;2.872;264.0;13.0;20.0;3.97;5.0;52.6;43.5
reg_270;0.09065;0.464;391.34;5.92;1.0;13.65;3.9175;223.0;18.6;20.0;6.96;3.0;61.5;20.7
reg_271;0.29916;0.464;388.65;5.856;0.0;13.0;4.429;223.0;18.6;20.0;6.96;3.0;42.1;21.1
reg_272;0.16211;0.464;396.9;6.24;0.0;6.59;4.429;223.0;18.6;20.0;6.96;3.0;16.3;25.2
reg_273;0.1146;0.464;394.96;6.538;0.0;7.73;3.9175;223.0;18.6;20.0;6.96;3.0;58.7;24.4
reg_274;0.22188;0.464;390.77;7.691;1.0;6.58;4.3665;223.0;18.6;20.0;6.96;3.0;51.8;35.2
reg_275;0.05644;0.447;396.9;6.758;1.0;3.53;4.0776;254.0;17.6;40.0;6.41;4.0;32.9;32.4
reg_276;0.09604;0.447;396.9;6.854;0.0;2.98;4.2673;254.0;17.6;40.0;6.41;4.0;42.8;32.0
reg_277;0.10469;0.447;389.25;7.267;1.0;6.05;4.7872;254.0;17.6;40.0;6.41;4.0;49.0;33.2
reg_278;0.06127;0.447;393.45;6.826;1.0;4.16;4.8628;254.0;17.6;40.0;6.41;4.0;27.6;33.1
reg_279;0.07978;0.447;396.9;6.482;0.0;7.19;4.1403;254.0;17.6;40.0;6.41;4.0;32.1;29.1
reg_280;0.21038;0.4429;396.9;6.812;0.0;4.85;4.1007;216.0;14.9;20.0;3.33;5.0;32.2;35.1
reg_281;0.03578;0.4429;387.31;7.82;0.0;3.76;4.6947;216.0;14.9;20.0;3.33;5.0;64.5;45.4
reg_282;0.03705;0.4429;392.23;6.968;0.0;4.59;5.2447;216.0;14.9;20.0;3.33;5.0;37.2;35.4
reg_283;0.06129;0.4429;377.07;7.645;1.0;3.01;5.2119;216.0;14.9;20.0;3.33;5.0;49.7;46.0
reg_284;0.01501;0.401;395.52;7.923;1.0;3.16;5.885;198.0;13.6;90.0;1.21;1.0;24.8;50.0
reg_285;0.00906;0.4;394.72;7.088;0.0;7.85;7.3073;285.0;15.3;90.0;2.97;1.0;20.8;32.2
reg_286;0.01096;0.389;394.72;6.453;0.0;8.23;7.3073;300.0;15.3;55.0;2.25;1.0;31.9;22.0
reg_287;0.01965;0.385;341.6;6.23;0.0;12.93;9.0892;241.0;18.2;80.0;1.76;1.0;31.5;20.1
reg_288;0.03871;0.405;396.9;6.209;0.0;7.14;7.3172;293.0;16.6;52.5;5.32;6.0;31.3;23.2
reg_289;0.0459;0.405;396.9;6.315;0.0;7.6;7.3172;293.0;16.6;52.5;5.32;6.0;45.6;22.3
reg_290;0.04297;0.405;371.72;6.565;0.0;9.51;7.3172;293.0;16.6;52.5;5.32;6.0;22.9;24.8
reg_291;0.03502;0.411;396.9;6.861;0.0;3.33;5.1167;245.0;19.2;80.0;4.95;4.0;27.9;28.5
reg_292;0.07886;0.411;396.9;7.148;0.0;3.56;5.1167;245.0;19.2;80.0;4.95;4.0;27.7;37.3
reg_293;0.03615;0.411;396.9;6.63;0.0;4.7;5.1167;245.0;19.2;80.0;4.95;4.0;23.4;27.9
reg_294;0.08265;0.437;396.9;6.127;0.0;8.58;5.5027;289.0;16.0;0.0;13.92;4.0;18.4;23.9
reg_295;0.08199;0.437;396.9;6.009;0.0;10.4;5.5027;289.0;16.0;0.0;13.92;4.0;42.3;21.7
reg_296;0.12932;0.437;396.9;6.678;0.0;6.27;5.9604;289.0;16.0;0.0;13.92;4.0;31.1;28.6
reg_297;0.05372;0.437;392.85;6.549;0.0;7.39;5.9604;289.0;16.0;0.0;13.92;4.0;51.0;27.1
reg_298;0.14103;0.437;396.9;5.79;0.0;15.84;6.32;289.0;16.0;0.0;13.92;4.0;58.0;20.3
reg_299;0.06466;0.4;368.24;6.345;0.0;4.97;7.8278;358.0;14.8;70.0;2.24;5.0;20.1;22.5
reg_300;0.05561;0.4;371.58;7.041;0.0;4.74;7.8278;358.0;14.8;70.0;2.24;5.0;10.0;29.0
reg_301;0.04417;0.4;390.86;6.871;0.0;6.07;7.8278;358.0;14.8;70.0;2.24;5.0;47.4;24.8
reg_302;0.03537;0.433;395.75;6.59;0.0;9.5;5.4917;329.0;16.1;34.0;6.09;7.0;40.4;22.0
reg_303;0.09266;0.433;383.61;6.495;0.0;8.67;5.4917;329.0;16.1;34.0;6.09;7.0;18.4;26.4
reg_304;0.1;0.433;390.43;6.982;0.0;4.86;5.4917;329.0;16.1;34.0;6.09;7.0;17.7;33.1
reg_305;0.05515;0.472;393.68;7.236;0.0;6.93;4.022;222.0;18.4;33.0;2.18;7.0;41.1;36.1
reg_306;0.05479;0.472;393.36;6.616;0.0;8.93;3.37;222.0;18.4;33.0;2.18;7.0;58.1;28.4
reg_307;0.07503;0.472;396.9;7.42;0.0;6.47;3.0992;222.0;18.4;33.0;2.18;7.0;71.9;33.4
reg_308;0.04932;0.472;396.9;6.849;0.0;7.53;3.1827;222.0;18.4;33.0;2.18;7.0;70.3;28.2
reg_309;0.49298;0.544;396.9;6.635;0.0;4.54;3.3175;304.0;18.4;0.0;9.9;4.0;82.5;22.8
reg_310;0.3494;0.544;396.24;5.972;0.0;9.97;3.1025;304.0;18.4;0.0;9.9;4.0;76.7;20.3
reg_311;2.63548;0.544;350.45;4.973;0.0;12.64;2.5194;304.0;18.4;0.0;9.9;4.0;37.8;16.1
reg_312;0.79041;0.544;396.9;6.122;0.0;5.98;2.6403;304.0;18.4;0.0;9.9;4.0;52.8;22.1
reg_313;0.26169;0.544;396.3;6.023;0.0;11.72;2.834;304.0;18.4;0.0;9.9;4.0;90.4;19.4
reg_314;0.26938;0.544;393.39;6.266;0.0;7.9;3.2628;304.0;18.4;0.0;9.9;4.0;82.8;21.6
reg_315;0.3692;0.544;395.69;6.567;0.0;9.28;3.6023;304.0;18.4;0.0;9.9;4.0;87.3;23.8
reg_316;0.25356;0.544;396.42;5.705;0.0;11.5;3.945;304.0;18.4;0.0;9.9;4.0;77.7;16.2
reg_317;0.31827;0.544;390.7;5.914;0.0;18.33;3.9986;304.0;18.4;0.0;9.9;4.0;83.2;17.8
reg_318;0.24522;0.544;396.9;5.782;0.0;15.94;4.0317;304.0;18.4;0.0;9.9;4.0;71.7;19.8
reg_319;0.40202;0.544;395.21;6.382;0.0;10.36;3.5325;304.0;18.4;0.0;9.9;4.0;67.2;23.1
reg_320;0.47547;0.544;396.23;6.113;0.0;12.73;4.0019;304.0;18.4;0.0;9.9;4.0;58.8;21.0
reg_321;0.1676;0.493;396.9;6.426;0.0;7.2;4.5404;287.0;19.6;0.0;7.38;5.0;52.3;23.8
reg_322;0.18159;0.493;396.9;6.376;0.0;6.87;4.5404;287.0;19.6;0.0;7.38;5.0;54.3;23.1
reg_323;0.35114;0.493;396.9;6.041;0.0;7.7;4.7211;287.0;19.6;0.0;7.38;5.0;49.9;20.4
reg_324;0.28392;0.493;391.13;5.708;0.0;11.74;4.7211;287.0;19.6;0.0;7.38;5.0;74.3;18.5
reg_325;0.34109;0.493;396.9;6.415;0.0;6.12;4.7211;287.0;19.6;0.0;7.38;5.0;40.1;25.0
reg_326;0.19186;0.493;393.68;6.431;0.0;5.08;5.4159;287.0;19.6;0.0;7.38;5.0;14.7;24.6
reg_327;0.30347;0.493;396.9;6.312;0.0;6.15;5.4159;287.0;19.6;0.0;7.38;5.0;28.9;23.0
reg_328;0.24103;0.493;396.9;6.083;0.0;12.79;5.4159;287.0;19.6;0.0;7.38;5.0;43.7;22.2
reg_329;0.06617;0.46;382.44;5.868;0.0;9.97;5.2146;430.0;16.9;0.0;3.24;4.0;25.8;19.3
reg_330;0.06724;0.46;375.21;6.333;0.0;7.34;5.2146;430.0;16.9;0.0;3.24;4.0;17.2;22.6
reg_331;0.04544;0.46;368.57;6.144;0.0;9.09;5.8736;430.0;16.9;0.0;3.24;4.0;32.2;19.8
reg_332;0.05023;0.4379;394.02;5.706;0.0;12.43;6.6407;304.0;16.9;35.0;6.06;1.0;28.4;17.1
reg_333;0.03466;0.4379;362.25;6.031;0.0;7.83;6.6407;304.0;16.9;35.0;6.06;1.0;23.3;19.4
reg_334;0.05083;0.515;389.71;6.316;0.0;5.68;6.4584;224.0;20.2;0.0;5.19;5.0;38.1;22.2
reg_335;0.03738;0.515;389.4;6.31;0.0;6.75;6.4584;224.0;20.2;0.0;5.19;5.0;38.5;20.7
reg_336;0.03961;0.515;396.9;6.037;0.0;8.01;5.9853;224.0;20.2;0.0;5.19;5.0;34.5;21.1
reg_337;0.03427;0.515;396.9;5.869;0.0;9.8;5.2311;224.0;20.2;0.0;5.19;5.0;46.3;19.5
reg_338;0.03041;0.515;394.81;5.895;0.0;10.56;5.615;224.0;20.2;0.0;5.19;5.0;59.6;18.5
reg_339;0.03306;0.515;396.14;6.059;0.0;8.51;4.8122;224.0;20.2;0.0;5.19;5.0;37.3;20.6
reg_340;0.05497;0.515;396.9;5.985;0.0;9.74;4.8122;224.0;20.2;0.0;5.19;5.0;45.4;19.0
reg_341;0.06151;0.515;396.9;5.968;0.0;9.29;4.8122;224.0;20.2;0.0;5.19;5.0;58.5;18.7
reg_342;0.01301;0.442;394.74;7.241;0.0;5.49;7.0379;284.0;15.5;35.0;1.52;1.0;49.3;32.7
reg_343;0.02498;0.518;389.96;6.54;0.0;8.65;6.2669;422.0;15.9;0.0;1.89;1.0;59.7;16.5
reg_344;0.02543;0.484;396.9;6.696;0.0;7.18;5.7321;370.0;17.6;55.0;3.78;5.0;56.4;23.9
reg_345;0.03049;0.484;387.97;6.874;0.0;4.61;6.4654;370.0;17.6;55.0;3.78;5.0;28.1;31.2
reg_346;0.03113;0.442;385.64;6.014;0.0;10.53;8.0136;352.0;18.8;0.0;4.39;3.0;48.5;17.5
reg_347;0.06162;0.442;364.61;5.898;0.0;12.67;8.0136;352.0;18.8;0.0;4.39;3.0;52.3;17.2
reg_348;0.0187;0.429;392.43;6.516;0.0;6.36;8.5353;351.0;17.9;85.0;4.15;4.0;27.7;23.1
reg_349;0.01501;0.435;390.94;6.635;0.0;5.99;8.344;280.0;17.0;80.0;2.01;4.0;29.7;24.5
reg_350;0.02899;0.429;389.85;6.939;0.0;5.89;8.7921;335.0;19.7;40.0;1.25;1.0;34.5;26.6
reg_351;0.06211;0.429;396.9;6.49;0.0;5.98;8.7921;335.0;19.7;40.0;1.25;1.0;44.4;22.9
reg_352;0.0795;0.411;370.78;6.579;0.0;5.49;10.7103;411.0;18.3;60.0;1.69;4.0;35.9;24.1
reg_353;0.07244;0.411;392.33;5.884;0.0;7.79;10.7103;411.0;18.3;60.0;1.69;4.0;18.5;18.6
reg_354;0.01709;0.41;384.46;6.728;0.0;4.5;12.1265;187.0;17.0;90.0;2.02;5.0;36.1;30.1
reg_355;0.04301;0.413;382.8;5.663;0.0;8.05;10.5857;334.0;22.0;80.0;1.91;4.0;21.9;18.2
reg_356;0.10659;0.413;376.04;5.936;0.0;5.57;10.5857;334.0;22.0;80.0;1.91;4.0;19.5;20.6
reg_357;8.98296;0.77;377.73;6.212;1.0;17.6;2.1222;666.0;20.2;0.0;18.1;24.0;97.4;17.8
reg_358;3.8497;0.77;391.34;6.395;1.0;13.27;2.5052;666.0;20.2;0.0;18.1;24.0;91.0;21.7
reg_359;5.20177;0.77;395.43;6.127;1.0;11.48;2.7227;666.0;20.2;0.0;18.1;24.0;83.4;22.7
reg_360;4.26131;0.77;390.74;6.112;0.0;12.67;2.5091;666.0;20.2;0.0;18.1;24.0;81.3;22.6
reg_361;4.54192;0.77;374.56;6.398;0.0;7.79;2.5182;666.0;20.2;0.0;18.1;24.0;88.0;25.0
reg_362;3.83684;0.77;350.65;6.251;0.0;14.19;2.2955;666.0;20.2;0.0;18.1;24.0;91.1;19.9
reg_363;3.67822;0.77;380.79;5.362;0.0;10.19;2.1036;666.0;20.2;0.0;18.1;24.0;96.2;20.8
reg_364;4.22239;0.77;353.04;5.803;1.0;14.64;1.9047;666.0;20.2;0.0;18.1;24.0;89.0;16.8
reg_365;3.47428;0.718;354.55;8.78;1.0;5.29;1.9047;666.0;20.2;0.0;18.1;24.0;82.9;21.9
reg_366;4.55587;0.718;354.7;3.561;0.0;7.12;1.6132;666.0;20.2;0.0;18.1;24.0;87.9;27.5
reg_367;3.69695;0.718;316.03;4.963;0.0;14.0;1.7523;666.0;20.2;0.0;18.1;24.0;91.4;21.9
reg_368;13.5222;0.631;131.42;3.863;0.0;13.33;1.5106;666.0;20.2;0.0;18.1;24.0;100.0;23.1
reg_369;4.89822;0.631;375.52;4.97;0.0;3.26;1.3325;666.0;20.2;0.0;18.1;24.0;100.0;50.0
reg_370;5.66998;0.631;375.33;6.683;1.0;3.73;1.3567;666.0;20.2;0.0;18.1;24.0;96.8;50.0
reg_371;6.53876;0.631;392.05;7.016;1.0;2.96;1.2024;666.0;20.2;0.0;18.1;24.0;97.5;50.0
reg_372;9.2323;0.631;366.15;6.216;0.0;9.53;1.1691;666.0;20.2;0.0;18.1;24.0;100.0;50.0
reg_373;8.26725;0.668;347.88;5.875;1.0;8.88;1.1296;666.0;20.2;0.0;18.1;24.0;89.6;50.0
reg_374;11.1081;0.668;396.9;4.906;0.0;34.77;1.1742;666.0;20.2;0.0;18.1;24.0;100.0;13.8
reg_375;18.4982;0.668;396.9;4.138;0.0;37.97;1.137;666.0;20.2;0.0;18.1;24.0;100.0;13.8
reg_376;19.6091;0.671;396.9;7.313;0.0;13.44;1.3163;666.0;20.2;0.0;18.1;24.0;97.9;15.0
reg_377;15.288;0.671;363.02;6.649;0.0;23.24;1.3449;666.0;20.2;0.0;18.1;24.0;93.3;13.9
reg_378;9.82349;0.671;396.9;6.794;0.0;21.24;1.358;666.0;20.2;0.0;18.1;24.0;98.8;13.3
reg_379;23.6482;0.671;396.9;6.38;0.0;23.69;1.3861;666.0;20.2;0.0;18.1;24.0;96.2;13.1
reg_380;17.8667;0.671;393.74;6.223;0.0;21.78;1.3861;666.0;20.2;0.0;18.1;24.0;100.0;10.2
reg_381;88.9762;0.671;396.9;6.968;0.0;17.21;1.4165;666.0;20.2;0.0;18.1;24.0;91.9;10.4
reg_382;15.8744;0.671;396.9;6.545;0.0;21.08;1.5192;666.0;20.2;0.0;18.1;24.0;99.1;10.9
reg_383;9.18702;0.7;396.9;5.536;0.0;23.6;1.5804;666.0;20.2;0.0;18.1;24.0;100.0;11.3
reg_384;7.99248;0.7;396.9;5.52;0.0;24.56;1.5331;666.0;20.2;0.0;18.1;24.0;100.0;12.3
reg_385;20.0849;0.7;285.83;4.368;0.0;30.63;1.4395;666.0;20.2;0.0;18.1;24.0;91.2;8.8
reg_386;16.8118;0.7;396.9;5.277;0.0;30.81;1.4261;666.0;20.2;0.0;18.1;24.0;98.1;7.2
reg_387;24.3938;0.7;396.9;4.652;0.0;28.28;1.4672;666.0;20.2;0.0;18.1;24.0;100.0;10.5
reg_388;22.5971;0.7;396.9;5.0;0.0;31.99;1.5184;666.0;20.2;0.0;18.1;24.0;89.5;7.4
reg_389;14.3337;0.7;372.92;4.88;0.0;30.62;1.5895;666.0;20.2;0.0;18.1;24.0;100.0;10.2
reg_390;8.15174;0.7;396.9;5.39;0.0;20.85;1.7281;666.0;20.2;0.0;18.1;24.0;98.9;11.5
reg_391;6.96215;0.7;394.43;5.713;0.0;17.11;1.9265;666.0;20.2;0.0;18.1;24.0;97.0;15.1
reg_392;5.29305;0.7;378.38;6.051;0.0;18.76;2.1678;666.0;20.2;0.0;18.1;24.0;82.5;23.2
reg_393;11.5779;0.7;396.9;5.036;0.0;25.68;1.77;666.0;20.2;0.0;18.1;24.0;97.0;9.7
reg_394;8.64476;0.693;396.9;6.193;0.0;15.17;1.7912;666.0;20.2;0.0;18.1;24.0;92.6;13.8
reg_395;13.3598;0.693;396.9;5.887;0.0;16.35;1.7821;666.0;20.2;0.0;18.1;24.0;94.7;12.7
reg_396;8.71675;0.693;391.98;6.471;0.0;17.12;1.7257;666.0;20.2;0.0;18.1;24.0;98.8;13.1
reg_397;5.87205;0.693;396.9;6.405;0.0;19.37;1.6768;666.0;20.2;0.0;18.1;24.0;96.0;12.5
reg_398;7.67202;0.693;393.1;5.747;0.0;19.92;1.6334;666.0;20.2;0.0;18.1;24.0;98.9;8.5
reg_399;38.3518;0.693;396.9;5.453;0.0;30.59;1.4896;666.0;20.2;0.0;18.1;24.0;100.0;5.0
reg_400;9.91655;0.693;338.16;5.852;0.0;29.97;1.5004;666.0;20.2;0.0;18.1;24.0;77.8;6.3
reg_401;25.0461;0.693;396.9;5.987;0.0;26.77;1.5888;666.0;20.2;0.0;18.1;24.0;100.0;5.6
reg_402;14.2362;0.693;396.9;6.343;0.0;20.32;1.5741;666.0;20.2;0.0;18.1;24.0;100.0;7.2
reg_403;9.59571;0.693;376.11;6.404;0.0;20.31;1.639;666.0;20.2;0.0;18.1;24.0;100.0;12.1
reg_404;24.8017;0.693;396.9;5.349;0.0;19.77;1.7028;666.0;20.2;0.0;18.1;24.0;96.0;8.3
reg_405;41.5292;0.693;329.46;5.531;0.0;27.38;1.6074;666.0;20.2;0.0;18.1;24.0;85.4;8.5
reg_406;67.9208;0.693;384.97;5.683;0.0;22.98;1.4254;666.0;20.2;0.0;18.1;24.0;100.0;5.0
reg_407;20.7162;0.659;370.22;4.138;0.0;23.34;1.1781;666.0;20.2;0.0;18.1;24.0;100.0;11.9
reg_408;11.9511;0.659;332.09;5.608;0.0;12.13;1.2852;666.0;20.2;0.0;18.1;24.0;100.0;27.9
reg_409;7.40389;0.597;314.64;5.617;0.0;26.4;1.4547;666.0;20.2;0.0;18.1;24.0;97.9;17.2
reg_410;14.4383;0.597;179.36;6.852;0.0;19.78;1.4655;666.0;20.2;0.0;18.1;24.0;100.0;27.5
reg_411;51.1358;0.597;2.6;5.757;0.0;10.11;1.413;666.0;20.2;0.0;18.1;24.0;100.0;15.0
reg_412;14.0507;0.597;35.05;6.657;0.0;21.22;1.5275;666.0;20.2;0.0;18.1;24.0;100.0;17.2
reg_413;18.811;0.597;28.79;4.628;0.0;34.37;1.5539;666.0;20.2;0.0;18.1;24.0;100.0;17.9
reg_414;28.6558;0.597;210.97;5.155;0.0;20.08;1.5894;666.0;20.2;0.0;18.1;24.0;100.0;16.3
reg_415;45.7461;0.693;88.27;4.519;0.0;36.98;1.6582;666.0;20.2;0.0;18.1;24.0;100.0;7.0
reg_416;18.0846;0.679;27.25;6.434;0.0;29.05;1.8347;666.0;20.2;0.0;18.1;24.0;100.0;7.2
reg_417;10.8342;0.679;21.57;6.782;0.0;25.79;1.8195;666.0;20.2;0.0;18.1;24.0;90.8;7.5
reg_418;25.9406;0.679;127.36;5.304;0.0;26.64;1.6475;666.0;20.2;0.0;18.1;24.0;89.1;10.4
reg_419;73.5341;0.679;16.45;5.957;0.0;20.62;1.8026;666.0;20.2;0.0;18.1;24.0;100.0;8.8
reg_420;11.8123;0.718;48.45;6.824;0.0;22.74;1.794;666.0;20.2;0.0;18.1;24.0;76.5;8.4
reg_421;11.0874;0.718;318.75;6.411;0.0;15.02;1.8589;666.0;20.2;0.0;18.1;24.0;100.0;16.7
reg_422;7.02259;0.718;319.98;6.006;0.0;15.7;1.8746;666.0;20.2;0.0;18.1;24.0;95.3;14.2
reg_423;12.0482;0.614;291.55;5.648;0.0;14.1;1.9512;666.0;20.2;0.0;18.1;24.0;87.6;20.8
reg_424;7.05042;0.614;2.52;6.103;0.0;23.29;2.0218;666.0;20.2;0.0;18.1;24.0;85.1;13.4
reg_425;8.79212;0.584;3.65;5.565;0.0;17.16;2.0635;666.0;20.2;0.0;18.1;24.0;70.6;11.7
reg_426;15.8603;0.679;7.68;5.896;0.0;24.39;1.9096;666.0;20.2;0.0;18.1;24.0;95.4;8.3
reg_427;12.2472;0.584;24.65;5.837;0.0;15.69;1.9976;666.0;20.2;0.0;18.1;24.0;59.7;10.2
reg_428;37.6619;0.679;18.82;6.202;0.0;14.52;1.8629;666.0;20.2;0.0;18.1;24.0;78.7;10.9
reg_429;7.36711;0.679;96.73;6.193;0.0;21.52;1.9356;666.0;20.2;0.0;18.1;24.0;78.1;11.0
reg_430;9.33889;0.679;60.72;6.38;0.0;24.08;1.9682;666.0;20.2;0.0;18.1;24.0;95.6;9.5
reg_431;8.49213;0.584;83.45;6.348;0.0;17.64;2.0527;666.0;20.2;0.0;18.1;24.0;86.1;14.5
reg_432;10.0623;0.584;81.33;6.833;0.0;19.69;2.0882;666.0;20.2;0.0;18.1;24.0;94.3;14.1
reg_433;6.44405;0.584;97.95;6.425;0.0;12.03;2.2004;666.0;20.2;0.0;18.1;24.0;74.8;16.1
reg_434;5.58107;0.713;100.19;6.436;0.0;16.22;2.3158;666.0;20.2;0.0;18.1;24.0;87.9;14.3
reg_435;13.9134;0.713;100.63;6.208;0.0;15.17;2.2222;666.0;20.2;0.0;18.1;24.0;95.0;11.7
reg_436;11.1604;0.74;109.85;6.629;0.0;23.27;2.1247;666.0;20.2;0.0;18.1;24.0;94.6;13.4
reg_437;14.4208;0.74;27.49;6.461;0.0;18.05;2.0026;666.0;20.2;0.0;18.1;24.0;93.3;9.6
reg_438;15.1772;0.74;9.32;6.152;0.0;26.45;1.9142;666.0;20.2;0.0;18.1;24.0;100.0;8.7
reg_439;13.6781;0.74;68.95;5.935;0.0;34.02;1.8206;666.0;20.2;0.0;18.1;24.0;87.9;8.4
reg_440;9.39063;0.74;396.9;5.627;0.0;22.88;1.8172;666.0;20.2;0.0;18.1;24.0;93.9;12.8
reg_441;22.0511;0.74;391.45;5.818;0.0;22.11;1.8662;666.0;20.2;0.0;18.1;24.0;92.4;10.5
reg_442;9.72418;0.74;385.96;6.406;0.0;19.52;2.0651;666.0;20.2;0.0;18.1;24.0;97.2;17.1
reg_443;5.66637;0.74;395.69;6.219;0.0;16.59;2.0048;666.0;20.2;0.0;18.1;24.0;100.0;18.4
reg_444;9.96654;0.74;386.73;6.485;0.0;18.85;1.9784;666.0;20.2;0.0;18.1;24.0;100.0;15.4
reg_445;12.8023;0.74;240.52;5.854;0.0;23.79;1.8956;666.0;20.2;0.0;18.1;24.0;96.6;10.8
reg_446;0.6718;0.74;43.06;6.459;0.0;23.98;1.9879;666.0;20.2;0.0;18.1;24.0;94.8;11.8
reg_447;6.28807;0.74;318.01;6.341;0.0;17.79;2.072;666.0;20.2;0.0;18.1;24.0;96.4;14.9
reg_448;9.92485;0.74;388.52;6.251;0.0;16.44;2.198;666.0;20.2;0.0;18.1;24.0;96.6;12.6
reg_449;9.32909;0.713;396.9;6.185;0.0;18.13;2.2616;666.0;20.2;0.0;18.1;24.0;98.7;14.1
reg_450;7.52601;0.713;304.21;6.417;0.0;19.31;2.185;666.0;20.2;0.0;18.1;24.0;98.3;13.0
reg_451;6.71772;0.713;0.32;6.749;0.0;17.44;2.3236;666.0;20.2;0.0;18.1;24.0;92.6;13.4
reg_452;5.44114;0.713;355.29;6.655;0.0;17.73;2.3552;666.0;20.2;0.0;18.1;24.0;98.2;15.2
reg_453;5.09017;0.713;385.09;6.297;0.0;17.27;2.3682;666.0;20.2;0.0;18.1;24.0;91.8;16.1
reg_454;8.24809;0.713;375.87;7.393;0.0;16.74;2.4527;666.0;20.2;0.0;18.1;24.0;99.3;17.8
reg_455;9.51363;0.713;6.68;6.728;0.0;18.71;2.4961;666.0;20.2;0.0;18.1;24.0;94.1;14.9
reg_456;4.75237;0.713;50.92;6.525;0.0;18.13;2.4358;666.0;20.2;0.0;18.1;24.0;86.5;14.1
reg_457;4.66883;0.713;10.48;5.976;0.0;19.01;2.5806;666.0;20.2;0.0;18.1;24.0;87.9;12.7
reg_458;8.20058;0.713;3.5;5.936;0.0;16.94;2.7792;666.0;20.2;0.0;18.1;24.0;80.3;13.5
reg_459;7.75223;0.713;272.21;6.301;0.0;16.23;2.7831;666.0;20.2;0.0;18.1;24.0;83.7;14.9
reg_460;6.80117;0.713;396.9;6.081;0.0;14.7;2.7175;666.0;20.2;0.0;18.1;24.0;84.4;20.0
reg_461;4.81213;0.713;255.23;6.701;0.0;16.42;2.5975;666.0;20.2;0.0;18.1;24.0;90.0;16.4
reg_462;3.69311;0.713;391.43;6.376;0.0;14.65;2.5671;666.0;20.2;0.0;18.1;24.0;88.4;17.7
reg_463;6.65492;0.713;396.9;6.317;0.0;13.99;2.7344;666.0;20.2;0.0;18.1;24.0;83.0;19.5
reg_464;5.82115;0.713;393.82;6.513;0.0;10.29;2.8016;666.0;20.2;0.0;18.1;24.0;89.9;20.2
reg_465;7.83932;0.655;396.9;6.209;0.0;13.22;2.9634;666.0;20.2;0.0;18.1;24.0;65.4;21.4
reg_466;3.1636;0.655;334.4;5.759;0.0;14.13;3.0665;666.0;20.2;0.0;18.1;24.0;48.2;19.9
reg_467;3.77498;0.655;22.01;5.952;0.0;17.15;2.8715;666.0;20.2;0.0;18.1;24.0;84.7;19.0
reg_468;4.42228;0.584;331.29;6.003;0.0;21.32;2.5403;666.0;20.2;0.0;18.1;24.0;94.5;19.1
reg_469;15.5757;0.58;368.74;5.926;0.0;18.13;2.9084;666.0;20.2;0.0;18.1;24.0;71.0;19.1
reg_470;13.0751;0.58;396.9;5.713;0.0;14.76;2.8237;666.0;20.2;0.0;18.1;24.0;56.7;20.1
reg_471;4.34879;0.58;396.9;6.167;0.0;16.29;3.0334;666.0;20.2;0.0;18.1;24.0;84.0;19.9
reg_472;4.03841;0.532;395.33;6.229;0.0;12.87;3.0993;666.0;20.2;0.0;18.1;24.0;90.7;19.6
reg_473;3.56868;0.58;393.37;6.437;0.0;14.36;2.8965;666.0;20.2;0.0;18.1;24.0;75.0;23.2
reg_474;4.64689;0.614;374.68;6.98;0.0;11.66;2.5329;666.0;20.2;0.0;18.1;24.0;67.6;29.8
reg_475;8.05579;0.584;352.58;5.427;0.0;18.14;2.4298;666.0;20.2;0.0;18.1;24.0;95.4;13.8
reg_476;6.39312;0.584;302.76;6.162;0.0;24.1;2.206;666.0;20.2;0.0;18.1;24.0;97.4;13.3
reg_477;4.87141;0.614;396.21;6.484;0.0;18.68;2.3053;666.0;20.2;0.0;18.1;24.0;93.6;16.7
reg_478;15.0234;0.614;349.48;5.304;0.0;24.91;2.1007;666.0;20.2;0.0;18.1;24.0;97.3;12.0
reg_479;10.233;0.614;379.7;6.185;0.0;18.03;2.1705;666.0;20.2;0.0;18.1;24.0;96.7;14.6
reg_480;14.3337;0.614;383.32;6.229;0.0;13.11;1.9512;666.0;20.2;0.0;18.1;24.0;88.0;21.4
reg_481;5.82401;0.532;396.9;6.242;0.0;10.74;3.4242;666.0;20.2;0.0;18.1;24.0;64.7;23.0
reg_482;5.70818;0.532;393.07;6.75;0.0;7.74;3.3317;666.0;20.2;0.0;18.1;24.0;74.9;23.7
reg_483;5.73116;0.532;395.28;7.061;0.0;7.01;3.4106;666.0;20.2;0.0;18.1;24.0;77.0;25.0
reg_484;2.81838;0.532;392.92;5.762;0.0;10.42;4.0983;666.0;20.2;0.0;18.1;24.0;40.3;21.8
reg_485;2.37857;0.583;370.73;5.871;0.0;13.34;3.724;666.0;20.2;0.0;18.1;24.0;41.9;20.6
reg_486;3.67367;0.583;388.62;6.312;0.0;10.58;3.9917;666.0;20.2;0.0;18.1;24.0;51.9;21.2
reg_487;5.69175;0.583;392.68;6.114;0.0;14.98;3.5459;666.0;20.2;0.0;18.1;24.0;79.8;19.1
reg_488;4.83567;0.583;388.22;5.905;0.0;11.45;3.1523;666.0;20.2;0.0;18.1;24.0;53.2;20.6
reg_489;0.15086;0.609;395.09;5.454;0.0;18.06;1.8209;711.0;20.1;0.0;27.74;4.0;92.7;15.2
reg_490;0.18337;0.609;344.05;5.414;0.0;23.97;1.7554;711.0;20.1;0.0;27.74;4.0;98.3;7.0
reg_491;0.20746;0.609;318.43;5.093;0.0;29.68;1.8226;711.0;20.1;0.0;27.74;4.0;98.0;8.1
reg_492;0.10574;0.609;390.11;5.983;0.0;18.07;1.8681;711.0;20.1;0.0;27.74;4.0;98.8;13.6
reg_493;0.11132;0.609;396.9;5.983;0.0;13.35;2.1099;711.0;20.1;0.0;27.74;4.0;83.5;20.1
reg_494;0.17331;0.585;396.9;5.707;0.0;12.01;2.3817;391.0;19.2;0.0;9.69;6.0;54.0;21.8
reg_495;0.27957;0.585;396.9;5.926;0.0;13.59;2.3817;391.0;19.2;0.0;9.69;6.0;42.6;24.5
reg_496;0.17899;0.585;393.29;5.67;0.0;17.6;2.7986;391.0;19.2;0.0;9.69;6.0;28.8;23.1
reg_497;0.2896;0.585;396.9;5.39;0.0;21.14;2.7986;391.0;19.2;0.0;9.69;6.0;72.9;19.7
reg_498;0.26838;0.585;396.9;5.794;0.0;14.1;2.8927;391.0;19.2;0.0;9.69;6.0;70.6;18.3
reg_499;0.23912;0.585;396.9;6.019;0.0;12.92;2.4091;391.0;19.2;0.0;9.69;6.0;65.3;21.2
reg_500;0.17783;0.585;395.77;5.569;0.0;15.1;2.3999;391.0;19.2;0.0;9.69;6.0;73.5;17.5
reg_501;0.22438;0.585;396.9;6.027;0.0;14.33;2.4982;391.0;19.2;0.0;9.69;6.0;79.7;16.8
reg_502;0.06263;0.573;391.99;6.593;0.0;9.67;2.4786;273.0;21.0;0.0;11.93;1.0;69.1;22.4
reg_503;0.04527;0.573;396.9;6.12;0.0;9.08;2.2875;273.0;21.0;0.0;11.93;1.0;76.7;20.6
reg_504;0.06076;0.573;396.9;6.976;0.0;5.64;2.1675;273.0;21.0;0.0;11.93;1.0;91.0;23.9
reg_505;0.10959;0.573;393.45;6.794;0.0;6.48;2.3889;273.0;21.0;0.0;11.93;1.0;89.3;22.0
reg_506;0.04741;0.573;396.9;6.03;0.0;7.88;2.505;273.0;21.0;0.0;11.93;1.0;80.8;11.9
